{"mode": "train", "epoch": 1, "iter": 5, "lr": 0.0001, "time": 0.62684, "data_time": 0.38518, "memory": 1408, "transfer_time": 0.3879, "forward_time": 0.53869, "loss_parse_time": 0.53896, "loss": [14.55663, 38.80327, 69.14056, 24.98926, 46.37137, 31.21876], "hm_loss": [4.21679, 26.29487, 60.88063, 18.57705, 40.24, 8.14509], "loc_loss": [41.35935, 50.03362, 33.03971, 25.64883, 24.52546, 92.29467], "loc_loss_elem": [[4.14245, 4.14891, 5.71822, 3.14135, 3.61638, 6.62415, 5.78253, 7.72855, 6.72026, 4.54544], [12.41267, 4.57983, 5.22978, 5.70347, 4.08476, 8.05043, 4.41195, 2.59707, 3.00069, 5.57019], [1.86585, 7.89692, 7.7203, 1.24556, 1.48146, 1.21678, 3.48223, 4.97135, 3.35081, 6.57131], [2.9243, 4.27582, 3.64983, 1.99534, 2.80306, 3.78468, 2.90829, 3.5917, 1.94257, 2.97323], [1.90456, 2.10266, 7.81809, 0.74194, 0.5306, 2.22276, 2.02238, 2.16807, 6.67525, 1.69151], [11.07384, 12.51086, 13.50385, 9.2042, 7.68015, 10.47488, 11.34079, 14.5716, 15.04588, 7.61853]], "num_positive": [9.2, 1.2, 1.2, 4.4, 0.8, 7.6]}
{"mode": "train", "epoch": 1, "iter": 10, "lr": 0.0001, "time": 0.14351, "data_time": 0.01097, "memory": 1552, "transfer_time": 0.0138, "forward_time": 0.05483, "loss_parse_time": 0.05507, "loss": [13.36458, 27.13147, 45.37475, 17.41567, 34.83384, 18.93573], "hm_loss": [3.69451, 13.12692, 39.86816, 15.62189, 22.49209, 5.99584], "loc_loss": [38.68027, 56.01817, 22.02633, 7.17514, 49.36697, 51.75957], "loc_loss_elem": [[3.62484, 3.32606, 6.63332, 4.96236, 3.81062, 5.76992, 4.84301, 6.5099, 4.57537, 3.70719], [10.67087, 6.50823, 4.68016, 8.44928, 4.04266, 7.41506, 5.20731, 3.20765, 6.19348, 6.37544], [1.30601, 1.80209, 4.29604, 1.33247, 1.38039, 3.12018, 2.90716, 3.8629, 2.96882, 4.46633], [0.68364, 1.06792, 1.14771, 0.82212, 0.96017, 0.84669, 0.70236, 0.99222, 0.61954, 0.68842], [4.04944, 8.99802, 15.43043, 5.05541, 2.94433, 3.78035, 4.72116, 2.05359, 3.87023, 3.88381], [6.06181, 6.81095, 8.00962, 4.50538, 4.6973, 6.28777, 7.08301, 5.27318, 8.33501, 4.5805]], "num_positive": [11.0, 2.8, 1.0, 8.0, 1.6, 15.4]}
{"mode": "train", "epoch": 1, "iter": 15, "lr": 0.0001, "time": 0.13585, "data_time": 0.01063, "memory": 1552, "transfer_time": 0.01358, "forward_time": 0.04886, "loss_parse_time": 0.04909, "loss": [12.80248, 25.13613, 41.50296, 14.40517, 23.41352, 19.23941], "hm_loss": [3.71386, 11.44506, 31.68755, 7.70825, 16.20828, 4.98775], "loc_loss": [36.35448, 54.76429, 39.26162, 26.78768, 28.82094, 57.00664], "loc_loss_elem": [[2.65155, 3.80754, 5.38025, 2.9489, 3.54077, 6.8949, 5.22109, 5.10077, 4.58158, 4.48461], [10.84554, 3.07654, 6.19324, 8.93796, 5.84608, 6.05877, 8.29439, 3.93385, 7.65976, 3.70074], [2.11654, 2.91671, 9.03766, 4.0961, 4.72627, 4.74589, 2.29201, 5.10916, 3.62672, 6.5155], [2.46308, 4.18139, 4.13495, 2.61783, 2.82855, 2.96731, 2.58103, 3.51794, 2.94562, 3.42916], [1.18033, 3.70354, 8.03045, 2.69739, 2.12804, 3.52764, 3.98185, 6.04576, 2.89922, 2.6488], [8.40015, 5.14335, 8.637, 5.13622, 6.65705, 5.27621, 7.14422, 4.78707, 8.61677, 6.75364]], "num_positive": [12.4, 3.2, 1.0, 15.8, 1.4, 20.8]}
{"mode": "train", "epoch": 1, "iter": 20, "lr": 0.0001, "time": 0.14044, "data_time": 0.01305, "memory": 1552, "transfer_time": 0.0164, "forward_time": 0.05228, "loss_parse_time": 0.05255, "loss": [10.86135, 14.73942, 31.6187, 11.26993, 30.41886, 17.34009], "hm_loss": [3.25593, 14.73942, 26.73247, 11.26993, 13.07218, 4.71191], "loc_loss": [30.42169, 0.0, 19.54492, 0.0, 69.38674, 50.51272], "loc_loss_elem": [[3.4938, 3.45089, 4.49802, 3.07841, 2.85405, 3.79689, 3.67462, 6.26296, 3.98857, 3.27355], [0.0, 0.0, 0.0, 0.0, 0.0, 0.0, 0.0, 0.0, 0.0, 0.0], [2.128, 1.53405, 5.92324, 1.8939, 1.04686, 2.44875, 2.54151, 0.49632, 1.80148, 2.16108], [0.0, 0.0, 0.0, 0.0, 0.0, 0.0, 0.0, 0.0, 0.0, 0.0], [10.56397, 6.97732, 17.86777, 4.19236, 7.15848, 3.55, 9.29159, 6.92441, 10.43844, 5.3952], [6.51375, 5.21914, 8.60613, 5.3069, 4.53495, 5.05134, 6.15159, 4.41507, 7.05269, 6.11449]], "num_positive": [8.8, 0.0, 0.8, 0.0, 1.8, 14.4]}
{"mode": "train", "epoch": 1, "iter": 25, "lr": 0.0001, "time": 0.13544, "data_time": 0.01214, "memory": 1552, "transfer_time": 0.01493, "forward_time": 0.0483, "loss_parse_time": 0.04855, "loss": [11.73892, 19.84757, 22.44052, 9.41741, 21.24434, 15.12784], "hm_loss": [3.27872, 6.51081, 19.73432, 4.71019, 10.79724, 4.03641], "loc_loss": [33.8408, 53.34707, 10.82479, 18.82888, 41.78839, 44.3657], "loc_loss_elem": [[3.96774, 3.67564, 4.83942, 2.91849, 2.57602, 5.76548, 4.88358, 5.3169, 4.7088, 3.34912], [10.55859, 4.23455, 8.05366, 5.55081, 4.53885, 6.18998, 5.59517, 3.35531, 5.17264, 7.25791], [1.75577, 0.77465, 1.96938, 0.37498, 1.74347, 1.72098, 1.46776, 1.90095, 0.81013, 1.00169], [2.24804, 2.64867, 3.05384, 2.01589, 2.3022, 2.2189, 2.05662, 2.6243, 1.78633, 1.61884], [3.0865, 6.29214, 13.28426, 5.8846, 2.54008, 2.797, 1.67184, 7.16553, 3.31261, 2.82373], [6.90235, 4.78909, 7.47145, 4.06001, 5.29927, 3.78887, 4.41247, 4.23752, 6.22377, 4.10089]], "num_positive": [7.0, 3.6, 0.4, 21.0, 1.6, 21.2]}
{"mode": "train", "epoch": 1, "iter": 30, "lr": 0.0001, "time": 0.13393, "data_time": 0.01102, "memory": 1552, "transfer_time": 0.01377, "forward_time": 0.04774, "loss_parse_time": 0.048, "loss": [11.7043, 15.02213, 16.96615, 8.7984, 19.75006, 13.596], "hm_loss": [3.12595, 5.64695, 13.3658, 4.74636, 7.23988, 3.74495], "loc_loss": [34.3134, 37.50072, 14.4014, 16.20815, 50.04071, 39.4042], "loc_loss_elem": [[2.97252, 3.35154, 5.67224, 2.30246, 3.11693, 6.5412, 4.20561, 4.10086, 4.57627, 4.11894], [8.88319, 4.06649, 6.22152, 4.73607, 2.69158, 3.26242, 4.61989, 4.14258, 2.38312, 3.50384], [1.04258, 2.59825, 1.97236, 1.17765, 2.0348, 0.59402, 2.69256, 2.46376, 0.83549, 3.11499], [1.72077, 2.07323, 2.54163, 1.88869, 1.77131, 2.04516, 1.77778, 2.34569, 1.90561, 1.43706], [8.09982, 7.62382, 12.12205, 3.72082, 3.01961, 3.41533, 4.76127, 5.82636, 5.79272, 4.12901], [4.95213, 5.26869, 8.52105, 4.48649, 3.47887, 3.4076, 5.61488, 4.19176, 4.26867, 3.05935]], "num_positive": [12.6, 3.0, 0.6, 10.0, 2.4, 24.0]}
{"mode": "train", "epoch": 1, "iter": 35, "lr": 0.0001, "time": 0.13919, "data_time": 0.01171, "memory": 1552, "transfer_time": 0.01493, "forward_time": 0.05134, "loss_parse_time": 0.05157, "loss": [10.39359, 15.97268, 10.48867, 12.07494, 11.15825, 11.43544], "hm_loss": [2.81903, 5.16131, 10.48867, 3.20559, 5.59964, 5.90879], "loc_loss": [30.29824, 43.2455, 0.0, 35.47739, 22.23446, 22.10664], "loc_loss_elem": [[3.76107, 3.71624, 4.52111, 2.41602, 2.89773, 3.346, 3.51352, 6.6838, 4.01949, 3.58111], [10.71085, 4.96863, 7.86883, 3.5873, 3.2251, 3.63129, 4.66957, 4.46996, 2.95197, 4.47361], [0.0, 0.0, 0.0, 0.0, 0.0, 0.0, 0.0, 0.0, 0.0, 0.0], [3.66277, 5.57996, 5.79989, 3.62536, 4.78866, 3.04066, 3.43333, 4.59497, 3.53828, 3.83614], [3.33047, 3.50116, 3.13568, 2.74123, 1.98501, 2.0735, 2.93194, 1.74503, 2.44779, 2.08423], [2.65464, 2.55924, 3.92556, 2.46234, 1.98484, 2.26689, 2.79342, 2.73451, 3.23777, 1.90978]], "num_positive": [10.0, 3.8, 0.0, 19.8, 2.4, 22.6]}
